tag,date,count
conservation,2017-04-01,1975
conservation,2017-03-01,7888
conservation,2016-11-01,6
conservation,2017-02-01,698
conservation,2017-01-01,2928
everydayclimatechange,2017-04-01,24309
everydayclimatechange,2015-07-01,11
everydayclimatechange,2017-03-01,75977
everydayclimatechange,2017-02-01,362945
everydayclimatechange,2016-10-01,271
everydayclimatechange,2016-09-01,364
everydayclimatechange,2016-11-01,357
everydayclimatechange,2016-12-01,5213
everydayclimatechange,2016-08-01,41
everydayclimatechange,2017-01-01,301841
everydayclimatechange,2016-04-01,450
everydayclimatechange,2016-02-01,31
everydayclimatechange,2015-12-01,53
pollution,2017-04-01,3892
pollution,2017-03-01,3130
pollution,2016-12-01,99
pollution,2017-02-01,1590
pollution,2017-01-01,5053
environment,2017-04-01,1344
environment,2017-03-01,6584
environment,2016-10-01,5
environment,2017-02-01,11314
environment,2016-12-01,3748
environment,2017-01-01,13120
climatechange,2017-04-01,14669
climatechange,2017-03-01,45747
climatechange,2017-02-01,325315
climatechange,2016-10-01,147
climatechange,2016-11-01,211
climatechange,2016-12-01,4670
climatechange,2017-01-01,270463
climatechange,2016-02-01,31
climatechange,2016-09-01,28
climatechange,2015-07-01,7
climate,2017-04-01,1346
climate,2017-03-01,12656
climate,2017-02-01,3638
climate,2017-01-01,9156
climate,2016-11-01,53
climate,2016-12-01,31
globalwarming,2017-04-01,7981
globalwarming,2017-03-01,33606
globalwarming,2017-02-01,43331
globalwarming,2016-11-01,103
globalwarming,2016-12-01,4377
globalwarming,2017-01-01,256994
globalwarming,2016-02-01,31
everydayeverywhere,2017-04-01,7250
everydayeverywhere,2017-03-01,7892
everydayeverywhere,2017-02-01,10805
everydayeverywhere,2016-11-01,85
everydayeverywhere,2017-01-01,16214
everydayeverywhere,2016-02-01,31
instagram,2017-04-01,1446
instagram,2017-03-01,1627
instagram,2017-02-01,4618
instagram,2016-12-01,44
instagram,2017-01-01,3943
hikaricreative,2017-04-01,4122
hikaricreative,2017-03-01,5953
hikaricreative,2017-02-01,11753
hikaricreative,2017-01-01,19670
reportagespotlight,2017-04-01,9243
reportagespotlight,2017-03-01,13612
reportagespotlight,2017-02-01,8207
reportagespotlight,2017-01-01,12439
outofthephone,2017-04-01,1515
outofthephone,2017-03-01,3985
outofthephone,2017-02-01,6406
outofthephone,2017-01-01,1475
landscape,2017-04-01,4042
landscape,2017-03-01,3477
landscape,2017-02-01,1819
landscape,2016-12-01,48
landscape,2017-01-01,8620
photojournalism,2017-04-01,6910
photojournalism,2017-03-01,17680
photojournalism,2017-02-01,9112
photojournalism,2017-01-01,14373
photojournalism,2016-02-01,31
photojournalism,2016-12-01,299
documentary,2017-04-01,3820
documentary,2017-03-01,14611
documentary,2017-02-01,6090
documentary,2017-01-01,10785
documentary,2016-12-01,190
streetphotography,2017-04-01,560
streetphotography,2017-03-01,2133
streetphotography,2017-02-01,3639
streetphotography,2016-11-01,85
streetphotography,2017-01-01,4535
streetphotography,2016-10-01,59
everydayindia,2017-04-01,4260
everydayindia,2017-03-01,8141
everydayindia,2017-02-01,8896
everydayindia,2017-01-01,8097
water,2017-04-01,2605
water,2017-03-01,10702
water,2017-02-01,3509
water,2016-12-01,163
water,2017-01-01,4924
asia,2017-04-01,5966
asia,2017-03-01,3960
asia,2017-02-01,25765
asia,2017-01-01,8445
asia,2016-12-01,109
india,2017-04-01,4574
india,2017-03-01,10379
india,2017-02-01,33639
india,2017-01-01,10316
everydaylatinamerica,2017-04-01,3404
everydaylatinamerica,2017-03-01,3074
everydaylatinamerica,2017-02-01,5071
everydaylatinamerica,2016-08-01,41
everydaylatinamerica,2017-01-01,3955
everydaylatinamerica,2016-12-01,190
ig_latinoamerica_,2017-04-01,3356
ig_latinoamerica_,2017-03-01,1445
ig_latinoamerica_,2017-02-01,2217
ig_latinoamerica_,2017-01-01,2253
ig_latinoamerica_,2016-12-01,190
friendsinperson,2017-04-01,3092
friendsinperson,2017-03-01,1689
friendsinperson,2017-02-01,3789
friendsinperson,2017-01-01,1731
friendsinperson,2016-12-01,190
instaven,2017-04-01,3092
instaven,2017-03-01,941
instaven,2017-02-01,3976
instaven,2017-01-01,2329
instaven,2016-12-01,190
streetphotovenezuela,2017-04-01,3092
streetphotovenezuela,2017-03-01,1824
streetphotovenezuela,2017-02-01,4009
streetphotovenezuela,2017-01-01,2329
streetphotovenezuela,2016-12-01,190
photography,2017-04-01,690
photography,2017-03-01,2539
photography,2017-02-01,8036
photography,2016-12-01,184
photography,2017-01-01,4395
lensculturestreets,2017-04-01,1093
lensculturestreets,2017-03-01,2823
lensculturestreets,2017-02-01,4296
lensculturestreets,2017-01-01,4896
lensculturestreets,2016-12-01,190
spicollective,2017-04-01,3092
spicollective,2017-03-01,3003
spicollective,2017-02-01,5424
spicollective,2017-01-01,2986
spicollective,2016-12-01,190
rmtf,2017-04-01,2910
rmtf,2017-03-01,1768
rmtf,2017-02-01,4157
rmtf,2017-01-01,2168
rmtf,2016-12-01,190
ig_venezuelan_pro,2017-04-01,3092
ig_venezuelan_pro,2017-03-01,1641
ig_venezuelan_pro,2017-02-01,4907
ig_venezuelan_pro,2017-01-01,2329
ig_venezuelan_pro,2016-12-01,190
everybodystreet,2017-04-01,261
everybodystreet,2017-03-01,3048
everybodystreet,2017-02-01,5838
everybodystreet,2017-01-01,3793
life,2017-04-01,2938
life,2017-03-01,2396
life,2017-02-01,2562
life,2017-01-01,5203
life,2016-12-01,3627
nature,2017-04-01,4453
nature,2017-03-01,7711
nature,2017-02-01,2526
nature,2017-01-01,9790
nature,2016-10-01,84
nature,2016-12-01,31
everydayafrica,2017-04-01,98
everydayafrica,2017-03-01,1208
everydayafrica,2017-02-01,1919
everydayafrica,2017-01-01,3440
climatechangeisreal,2017-04-01,3473
climatechangeisreal,2017-03-01,21815
climatechangeisreal,2017-02-01,38265
climatechangeisreal,2016-10-01,83
climatechangeisreal,2017-01-01,17523
climatechangeisreal,2016-11-01,108
climatechangeisreal,2016-12-01,29
drought,2017-04-01,2015
drought,2017-03-01,10565
drought,2017-02-01,995
drought,2017-01-01,229933
drought,2016-12-01,529
dailylife,2017-04-01,342
dailylife,2017-03-01,1623
dailylife,2017-02-01,3431
dailylife,2017-01-01,4610
dailylife,2016-02-01,31
streetphotographer,2017-04-01,3144
streetphotographer,2017-03-01,509
streetphotographer,2017-02-01,2193
streetphotographer,2017-01-01,2890
streetphotographer,2016-12-01,190
venezuela,2017-04-01,3003
venezuela,2017-03-01,825
venezuela,2017-02-01,2523
venezuela,2016-12-01,208
venezuela,2017-01-01,2551
hub_ve,2017-04-01,3003
hub_ve,2017-03-01,859
hub_ve,2017-02-01,2603
hub_ve,2017-01-01,2329
hub_ve,2016-12-01,190
photojournalist,2017-04-01,3080
photojournalist,2017-03-01,964
photojournalist,2017-02-01,2488
photojournalist,2017-01-01,2167
photojournalist,2016-12-01,190
natgeo,2017-04-01,1545
natgeo,2017-03-01,7818
natgeo,2016-12-01,3664
natgeo,2017-02-01,6128
natgeo,2017-01-01,7506
natgeo,2016-09-01,28
everydaymiddleeast,2017-04-01,1073
everydaymiddleeast,2017-03-01,1709
everydaymiddleeast,2017-02-01,3070
everydaymiddleeast,2017-01-01,2800
repost,2017-04-01,609
repost,2017-03-01,2407
repost,2017-02-01,49136
repost,2017-01-01,2476
repost,2016-12-01,59
photooftheday,2017-04-01,300
photooftheday,2017-03-01,2172
photooftheday,2017-02-01,4237
photooftheday,2017-01-01,9733
travel,2017-04-01,385
travel,2017-03-01,3682
travel,2017-02-01,3590
travel,2016-12-01,62
travel,2017-01-01,228150
tedgrambeau,2017-04-01,1122
tedgrambeau,2017-03-01,12524
tedgrambeau,2017-02-01,11273
tedgrambeau,2016-04-01,450
tedgrambeau,2016-09-01,273
tedgrambeau,2017-01-01,17523
tedgrambeau,2016-12-01,152
photo,2017-04-01,238
photo,2017-03-01,403
photo,2017-02-01,3166
photo,2017-01-01,1997
visualsoflife,2017-04-01,2389
visualsoflife,2017-03-01,12902
visualsoflife,2017-02-01,5915
visualsoflife,2017-01-01,6821
visualsoflife,2016-10-01,59
docudaysua,2017-04-01,156
docudaysua,2017-03-01,449
docudaysua,2017-02-01,4860
docudaysua,2017-01-01,1107
docudaysua,2015-12-01,53
